id,first_name,last_name,email,gender,ip_address
1,Bary,Joan,bjoan0@microsoft.com,Male,218.122.174.216
2,Charissa,Crowcroft,ccrowcroft1@examiner.com,Female,102.53.205.20
3,Gusella,Ainger,gainger2@reverbnation.com,Female,219.165.211.56
4,Jacklyn,Jossum,jjossum3@photobucket.com,Female,97.146.97.188
5,Lanae,McGibbon,lmcgibbon4@ow.ly,Bigender,98.123.53.131
6,Gustie,Broadbere,gbroadbere5@weather.com,Female,12.230.23.37
7,Pennie,MacNalley,pmacnalley6@seattletimes.com,Male,46.43.230.53
8,Ivonne,Skahill,iskahill7@kickstarter.com,Female,184.156.153.109
9,Hamnet,Harrowsmith,hharrowsmith8@hatena.ne.jp,Male,203.59.190.104
10,Tobey,Pinkstone,tpinkstone9@go.com,Genderqueer,9.209.93.214
11,Bronson,Kensitt,bkensitta@example.com,Male,97.117.173.18
12,Sasha,Scotchforth,sscotchforthb@umich.edu,Genderfluid,87.227.135.247
13,Darbee,Weaver,dweaverc@dell.com,Bigender,220.112.34.110
14,Cecilio,Kwietek,ckwietekd@tinyurl.com,Male,13.18.71.180
15,Saree,Dmitrienko,sdmitrienkoe@feedburner.com,Female,178.68.136.141
16,Alfy,Lukehurst,alukehurstf@tuttocitta.it,Female,185.216.21.114
17,Isaak,Bashford,ibashfordg@moonfruit.com,Male,128.182.114.34
18,Kaleena,Dewer,kdewerh@whitehouse.gov,Female,231.54.249.60
19,Chrissie,Sanderson,csandersoni@icio.us,Female,246.28.169.23
20,See,Milsom,smilsomj@yandex.ru,Male,253.150.195.195
21,Levin,Showers,lshowersk@europa.eu,Male,233.55.154.209
22,Ricki,Yanov,ryanovl@oaic.gov.au,Male,69.175.38.49
23,Quinlan,Lorincz,qlorinczm@reddit.com,Male,132.8.156.233
24,Alexei,Biggen,abiggenn@51.la,Male,109.79.174.222
25,Eunice,Jambrozek,ejambrozeko@nyu.edu,Female,190.65.21.105
26,Cass,Hehl,chehlp@behance.net,Female,189.255.126.159
27,Lefty,Mecco,lmeccoq@marketwatch.com,Male,207.211.29.153
28,Ceciley,Temprell,ctemprellr@gmpg.org,Female,154.191.231.107
29,Lovell,Paskin,lpaskins@patch.com,Male,167.30.175.141
30,Revkah,Schmuhl,rschmuhlt@gravatar.com,Non-binary,72.247.22.239
31,Xever,Rupp,xruppu@latimes.com,Male,52.195.120.160
32,Haven,Cockerill,hcockerillv@forbes.com,Agender,14.14.172.65
33,Wolf,Graine,wgrainew@ovh.net,Male,160.43.156.80
34,Chandra,Rule,crulex@goodreads.com,Genderqueer,218.230.107.228
35,Cam,Dummigan,cdummigany@homestead.com,Polygender,87.14.3.244
36,Margeaux,Danilchik,mdanilchikz@hhs.gov,Female,180.227.73.159
37,West,Thewlis,wthewlis10@paypal.com,Male,121.231.120.201
38,Issie,Hollows,ihollows11@vkontakte.ru,Female,152.156.70.45
39,Jaquelyn,Rodell,jrodell12@sfgate.com,Female,139.186.221.74
40,Waldo,Millea,wmillea13@merriam-webster.com,Male,160.204.115.84
41,Caresse,Matejic,cmatejic14@princeton.edu,Female,198.82.88.236
42,Querida,Mackilpatrick,qmackilpatrick15@oracle.com,Non-binary,153.18.87.42
43,Corri,Bushby,cbushby16@geocities.com,Female,155.131.138.248
44,Aggi,Andric,aandric17@facebook.com,Female,129.87.56.234
45,Maryellen,Streeting,mstreeting18@scientificamerican.com,Female,153.167.210.240
46,Kyle,Creffield,kcreffield19@biglobe.ne.jp,Female,30.246.179.145
47,Elvis,Rance,erance1a@addthis.com,Male,47.211.26.62
48,Nesta,Allport,nallport1b@microsoft.com,Female,255.94.96.217
49,Prudence,Gronow,pgronow1c@wikia.com,Female,115.48.125.3
50,Reese,Ugolini,rugolini1d@woothemes.com,Male,166.82.153.7
51,Paula,Klaassens,pklaassens1e@dion.ne.jp,Female,178.93.62.165
52,Grenville,Wissbey,gwissbey1f@phoca.cz,Male,254.13.52.166
53,Gui,Eplate,geplate1g@t-online.de,Female,47.165.180.107
54,Quill,Kill,qkill1h@jiathis.com,Male,204.61.9.49
55,Belinda,Kenealy,bkenealy1i@unicef.org,Female,201.53.88.198
56,Cassie,Claringbold,cclaringbold1j@yale.edu,Female,49.12.210.46
57,Heidi,Ponder,hponder1k@gizmodo.com,Female,166.90.68.180
58,Heda,Gabbotts,hgabbotts1l@people.com.cn,Genderfluid,78.192.153.118
59,Sallie,Gerleit,sgerleit1m@ox.ac.uk,Female,70.35.27.87
60,Mile,Spire,mspire1n@smugmug.com,Male,129.110.103.219
61,Cyndia,Doig,cdoig1o@imdb.com,Female,255.198.41.166
62,Jilli,Rosenblatt,jrosenblatt1p@ucla.edu,Female,248.55.187.150
63,Aldus,Gerlack,agerlack1q@army.mil,Agender,206.140.105.213
64,Virge,Karlolczak,vkarlolczak1r@sbwire.com,Male,119.209.205.7
65,Kary,Readhead,kreadhead1s@last.fm,Female,124.81.243.218
66,Carry,Biford,cbiford1t@csmonitor.com,Female,57.84.208.163
67,Gordy,Lynagh,glynagh1u@msu.edu,Male,114.207.177.72
68,Puff,McLarnon,pmclarnon1v@ow.ly,Male,83.239.0.251
69,Ardith,Piburn,apiburn1w@howstuffworks.com,Bigender,217.26.94.18
70,Kevan,Crook,kcrook1x@privacy.gov.au,Male,7.215.159.1
71,Dynah,Camilleri,dcamilleri1y@census.gov,Female,201.198.218.62
72,Rica,Kimbrough,rkimbrough1z@feedburner.com,Female,27.23.130.220
73,Welbie,Utteridge,wutteridge20@nsw.gov.au,Male,251.57.20.211
74,Tabbie,Pitway,tpitway21@geocities.jp,Male,104.134.88.111
75,Siward,Tatford,statford22@delicious.com,Male,138.114.244.12
76,Alikee,Cristol,acristol23@vinaora.com,Female,244.120.11.69
77,Hermie,Grigoryov,hgrigoryov24@posterous.com,Male,47.27.49.164
78,Ruttger,Hogbourne,rhogbourne25@umich.edu,Male,234.154.29.110
79,Patience,De Filippi,pdefilippi26@behance.net,Female,161.207.175.31
80,Aldus,Eisold,aeisold27@meetup.com,Male,138.56.85.229
81,Kirstyn,Olek,kolek28@jalbum.net,Female,3.9.218.163
82,Jolyn,Walewicz,jwalewicz29@issuu.com,Female,48.155.99.187
83,Milt,Franssen,mfranssen2a@amazon.de,Male,233.10.158.22
84,Frants,Wainscot,fwainscot2b@tripod.com,Male,245.107.205.29
85,Benedetto,Sprake,bsprake2c@about.com,Non-binary,68.32.175.155
86,Davidson,Edridge,dedridge2d@t.co,Male,56.66.218.59
87,Bruis,Huscroft,bhuscroft2e@paypal.com,Male,4.42.27.176
88,Aldon,Tidbury,atidbury2f@blog.com,Male,199.126.134.182
89,Lucila,Metrick,lmetrick2g@reddit.com,Female,10.57.117.71
90,Ainslee,MacGuigan,amacguigan2h@abc.net.au,Female,90.3.72.62
91,Magda,Grabbam,mgrabbam2i@buzzfeed.com,Female,209.64.135.99
92,Coriss,Claydon,cclaydon2j@issuu.com,Female,114.131.216.31
93,Claresta,Jachimiak,cjachimiak2k@mail.ru,Female,83.61.132.24
94,Moses,Quiney,mquiney2l@indiegogo.com,Male,36.128.15.120
95,Samara,Chishull,schishull2m@biglobe.ne.jp,Female,60.90.26.39
96,Tamarah,Saundercock,tsaundercock2n@freewebs.com,Female,0.12.24.27
97,Rolland,Hannis,rhannis2o@pcworld.com,Male,206.10.76.117
98,Iseabal,Sprules,isprules2p@imageshack.us,Female,101.61.117.142
99,Ivory,Northin,inorthin2q@vistaprint.com,Female,28.168.47.67
100,Angelico,Dumbreck,adumbreck2r@bravesites.com,Male,221.35.126.0
101,Kipp,Belchambers,kbelchambers2s@moonfruit.com,Male,190.78.49.137
102,Antonella,Crombie,acrombie2t@odnoklassniki.ru,Female,123.80.85.129
103,Kalle,Agass,kagass2u@mtv.com,Male,5.226.91.80
104,Clarence,Halbard,chalbard2v@xing.com,Male,32.49.148.253
105,Madison,Mongin,mmongin2w@wired.com,Male,137.230.151.170
106,Cordell,Haestier,chaestier2x@engadget.com,Male,202.164.177.161
107,Harli,Foukx,hfoukx2y@parallels.com,Female,209.46.1.203
108,Rene,Euler,reuler2z@about.me,Non-binary,64.247.144.102
109,Jeralee,Holdron,jholdron30@earthlink.net,Non-binary,80.233.3.169
110,Matty,Bartrap,mbartrap31@tamu.edu,Male,19.9.126.234
111,Willi,Cluett,wcluett32@posterous.com,Bigender,214.121.6.94
112,Dennie,Fealey,dfealey33@xing.com,Genderfluid,99.196.49.149
113,Domenic,Elgey,delgey34@purevolume.com,Male,138.131.253.5
114,Meridith,Veschambes,mveschambes35@histats.com,Female,198.205.33.23
115,Crysta,Barling,cbarling36@sohu.com,Female,50.49.90.32
116,Der,Heilds,dheilds37@vimeo.com,Male,35.210.214.165
117,Gherardo,Yurchishin,gyurchishin38@gnu.org,Male,107.219.135.14
118,Orel,Castanaga,ocastanaga39@spotify.com,Bigender,219.144.72.152
119,Jon,Defau,jdefau3a@bloglines.com,Male,64.238.156.199
120,Allie,Molesworth,amolesworth3b@comsenz.com,Female,194.76.170.253
121,Omar,Speachley,ospeachley3c@nydailynews.com,Genderqueer,254.137.162.19
122,Laurent,Bisp,lbisp3d@yandex.ru,Male,58.186.221.192
123,Leanora,Brixey,lbrixey3e@typepad.com,Female,83.229.89.86
124,Adams,Keilloh,akeilloh3f@phoca.cz,Male,171.6.111.178
125,Maximilianus,Kyteley,mkyteley3g@goo.gl,Male,230.74.37.19
126,Patrica,Bishop,pbishop3h@smh.com.au,Female,209.24.201.149
127,Claybourne,Oylett,coylett3i@facebook.com,Male,135.9.252.168
128,Valentin,Brodeau,vbrodeau3j@msu.edu,Male,146.153.83.131
129,Lucy,Denning,ldenning3k@diigo.com,Agender,53.166.179.251
130,Danny,Biggam,dbiggam3l@nhs.uk,Female,246.29.207.172
131,Niall,Kinker,nkinker3m@live.com,Male,5.91.34.43
132,Germaine,Nadin,gnadin3n@baidu.com,Male,55.17.102.254
133,Meggy,Percival,mpercival3o@flickr.com,Female,121.120.132.3
134,Darcy,McCullogh,dmccullogh3p@samsung.com,Female,137.172.209.212
135,Dalston,Ciubutaro,dciubutaro3q@mapquest.com,Male,45.7.161.30
136,Aldon,Emilien,aemilien3r@google.fr,Male,128.129.2.164
137,Burlie,Hordle,bhordle3s@ask.com,Male,55.218.226.11
138,Beniamino,Gimert,bgimert3t@umich.edu,Male,75.83.30.138
139,Bern,Rattray,brattray3u@cdbaby.com,Male,108.13.17.211
140,Bradly,Sissland,bsissland3v@timesonline.co.uk,Male,88.24.184.243
141,Binnie,Kemwal,bkemwal3w@bbb.org,Female,205.78.94.204
142,Sutton,Aslet,saslet3x@vkontakte.ru,Polygender,58.10.65.251
143,Berni,Laycock,blaycock3y@rambler.ru,Female,200.1.110.7
144,Donetta,Ralphs,dralphs3z@instagram.com,Female,36.143.185.173
145,Stanly,Labusquiere,slabusquiere40@skype.com,Male,4.56.5.140
146,Marga,Mackin,mmackin41@answers.com,Female,3.117.141.242
147,Guglielma,Dubery,gdubery42@squidoo.com,Female,252.132.164.154
148,Drucie,Fuentes,dfuentes43@tinyurl.com,Female,44.135.61.248
149,Filberte,Sissens,fsissens44@livejournal.com,Male,71.61.246.181
150,Sib,Wyllt,swyllt45@sun.com,Female,88.243.55.254
151,Melisent,Pitceathly,mpitceathly46@uol.com.br,Female,91.24.237.149
152,Ileana,Dunnico,idunnico47@nsw.gov.au,Female,223.251.12.161
153,Denny,Ceaser,dceaser48@jigsy.com,Female,128.33.227.171
154,Syman,Capstick,scapstick49@dailymotion.com,Male,80.56.36.78
155,Nicko,Duferie,nduferie4a@baidu.com,Male,2.187.147.95
156,Martina,Kaygill,mkaygill4b@ifeng.com,Female,119.233.202.255
157,Celinda,Stairmand,cstairmand4c@upenn.edu,Female,111.205.31.43
158,Mordecai,Sturzaker,msturzaker4d@instagram.com,Bigender,128.133.251.72
159,Kessiah,Auguste,kauguste4e@pagesperso-orange.fr,Female,157.117.50.101
160,Pauli,Durdy,pdurdy4f@digg.com,Female,193.237.43.188
161,Noak,Ould,nould4g@biblegateway.com,Male,137.145.38.14
162,Flore,Tulk,ftulk4h@wsj.com,Female,112.130.107.184
163,Camila,Wynrehame,cwynrehame4i@clickbank.net,Female,27.139.123.88
164,Annabell,Gawne,agawne4j@usatoday.com,Female,13.192.127.72
165,Feodora,Henderson,fhenderson4k@washington.edu,Female,16.159.29.245
166,Stacie,Cattel,scattel4l@google.co.jp,Female,126.112.9.44
167,Ker,Adami,kadami4m@icio.us,Male,138.79.184.185
168,Reinaldo,Plevin,rplevin4n@microsoft.com,Male,130.251.4.36
169,Hill,Fratczak,hfratczak4o@who.int,Male,202.109.31.89
170,Danila,Jaray,djaray4p@oracle.com,Female,10.11.99.201
171,Marc,Edworthy,medworthy4q@about.me,Male,180.129.84.193
172,Loutitia,Caldron,lcaldron4r@marketwatch.com,Female,60.3.139.160
173,Damaris,Orrick,dorrick4s@imgur.com,Female,243.138.221.6
174,Hailey,Rippon,hrippon4t@yale.edu,Male,77.126.110.81
175,Teddi,Dewett,tdewett4u@biglobe.ne.jp,Genderfluid,192.191.127.202
176,Silvain,Struss,sstruss4v@naver.com,Male,91.91.117.77
177,Biddy,Gosse,bgosse4w@hp.com,Non-binary,225.187.2.140
178,Forester,Smeaton,fsmeaton4x@adobe.com,Male,212.45.164.87
179,Christalle,Kightly,ckightly4y@slideshare.net,Female,212.79.206.182
180,Stefan,Voden,svoden4z@aol.com,Male,178.24.54.90
181,Lydia,Atack,latack50@jigsy.com,Female,83.141.182.22
182,Prudi,Bunyard,pbunyard51@usda.gov,Female,19.9.60.111
183,Matty,Filipowicz,mfilipowicz52@chronoengine.com,Male,4.153.48.245
184,Tailor,Greser,tgreser53@dell.com,Male,240.85.195.52
185,Gaspar,Trevaskus,gtrevaskus54@whitehouse.gov,Male,38.238.22.13
186,Agace,Winterflood,awinterflood55@bloomberg.com,Female,253.213.6.222
187,Jodie,Henzer,jhenzer56@flickr.com,Female,247.116.166.1
188,Maurita,Yoxen,myoxen57@barnesandnoble.com,Female,73.214.85.16
189,Kaleb,Pryce,kpryce58@google.com.au,Male,29.247.101.56
190,Matthus,Coopey,mcoopey59@cnbc.com,Male,117.197.246.63
191,Stefan,Cousans,scousans5a@adobe.com,Male,32.192.15.146
192,Luce,Furzer,lfurzer5b@booking.com,Male,157.120.36.71
193,Fowler,Van der Beken,fvanderbeken5c@cbc.ca,Male,206.5.197.116
194,Nefen,Heavyside,nheavyside5d@boston.com,Male,173.8.24.70
195,Maisie,Dudin,mdudin5e@freewebs.com,Female,103.88.82.72
196,Netti,Talby,ntalby5f@webnode.com,Female,41.94.173.238
197,Guy,Scrivenor,gscrivenor5g@360.cn,Male,135.77.135.170
198,Jacinda,Potticary,jpotticary5h@nba.com,Female,27.45.220.91
199,Leonardo,Goodison,lgoodison5i@craigslist.org,Male,248.33.157.255
200,Kellen,O'Hagan,kohagan5j@unc.edu,Female,212.124.179.143
201,Devonne,Macquire,dmacquire5k@tamu.edu,Female,156.187.100.236
202,Staffard,Dampney,sdampney5l@japanpost.jp,Male,237.191.81.98
203,Daniel,Tick,dtick5m@seattletimes.com,Genderqueer,75.174.153.195
204,Elihu,McTague,emctague5n@google.ru,Male,186.230.255.102
205,Prince,Spracklin,pspracklin5o@latimes.com,Male,193.8.26.84
206,Donaugh,Seabrooke,dseabrooke5p@blinklist.com,Male,199.74.1.129
207,Helyn,Itzkovwich,hitzkovwich5q@spotify.com,Female,84.247.233.132
208,Bil,Garthshore,bgarthshore5r@phpbb.com,Male,139.30.212.245
209,Debbie,Spick,dspick5s@woothemes.com,Female,5.48.71.174
210,Paolina,Galpen,pgalpen5t@seesaa.net,Female,215.99.234.28
211,Buck,Boullen,bboullen5u@dailymotion.com,Male,153.170.121.6
212,Tabatha,Mayte,tmayte5v@salon.com,Polygender,154.250.194.251
213,Gard,Alloisi,galloisi5w@taobao.com,Non-binary,121.247.182.168
214,Erinna,Peet,epeet5x@upenn.edu,Genderqueer,96.142.221.48
215,Annamaria,Davydochkin,adavydochkin5y@blogspot.com,Female,203.171.81.195
216,Rani,Macon,rmacon5z@discovery.com,Female,88.227.254.48
217,Emalee,Davidowsky,edavidowsky60@dagondesign.com,Female,211.215.114.123
218,Colene,Goggen,cgoggen61@zimbio.com,Agender,121.155.216.97
219,Lyndy,Ayars,layars62@stanford.edu,Female,40.104.128.87
220,Roderick,Sycamore,rsycamore63@mayoclinic.com,Male,161.92.176.134
221,Mar,Kinge,mkinge64@salon.com,Male,255.129.213.147
222,Gael,Hempel,ghempel65@washingtonpost.com,Female,230.98.204.188
223,Karalee,Mingo,kmingo66@sbwire.com,Female,142.41.32.227
224,Keenan,Sunderland,ksunderland67@ucoz.ru,Genderfluid,170.133.183.255
225,Karly,Sherebrook,ksherebrook68@hatena.ne.jp,Female,94.210.221.187
226,Teri,Milner,tmilner69@cnbc.com,Female,111.108.242.247
227,Guss,Verne,gverne6a@reference.com,Male,192.29.180.29
228,Deedee,York,dyork6b@sourceforge.net,Female,186.237.34.19
229,Tanhya,Denerley,tdenerley6c@dailymotion.com,Female,132.9.93.138
230,Marcelo,Walsham,mwalsham6d@symantec.com,Male,243.251.55.97
231,Marie-jeanne,Whalebelly,mwhalebelly6e@ameblo.jp,Female,98.237.154.18
232,Filmore,Tench,ftench6f@tripod.com,Genderqueer,127.170.151.171
233,Laura,Blumson,lblumson6g@youku.com,Female,100.23.145.103
234,Gale,Boice,gboice6h@over-blog.com,Male,231.251.111.16
235,Eirena,Aloshechkin,ealoshechkin6i@google.com,Polygender,186.189.47.194
236,Else,Charlesworth,echarlesworth6j@hatena.ne.jp,Female,24.62.126.24
237,Luca,Clague,lclague6k@diigo.com,Male,0.188.133.126
238,Norene,Dedmam,ndedmam6l@webeden.co.uk,Female,111.118.128.142
239,Emilio,McNeilley,emcneilley6m@cdc.gov,Male,33.101.25.180
240,Briny,Nassy,bnassy6n@wordpress.org,Female,204.193.221.48
241,Walt,Liddell,wliddell6o@unc.edu,Male,33.248.127.12
242,Kaia,Bridger,kbridger6p@163.com,Female,231.57.53.26
243,Franky,Haburne,fhaburne6q@de.vu,Male,251.104.88.131
244,Rozanne,Kellet,rkellet6r@unc.edu,Female,194.184.112.44
245,Lindsay,Tardiff,ltardiff6s@wsj.com,Female,154.160.118.153
246,Felice,Mounsie,fmounsie6t@boston.com,Male,163.227.50.181
247,Jacquenette,Talton,jtalton6u@ehow.com,Female,34.54.186.15
248,Oneida,Halgarth,ohalgarth6v@addthis.com,Female,150.113.231.223
249,Abigail,Kindell,akindell6w@posterous.com,Female,236.216.192.6
250,Dirk,Suddell,dsuddell6x@eepurl.com,Male,198.111.39.42
251,Feodor,Aberdeen,faberdeen6y@yellowbook.com,Male,55.226.207.102
252,Stuart,Cremin,scremin6z@columbia.edu,Male,84.235.104.227
253,Jenna,Raggett,jraggett70@hud.gov,Female,92.11.240.53
254,Pablo,Padula,ppadula71@senate.gov,Male,76.118.137.182
255,Cash,Breissan,cbreissan72@ox.ac.uk,Male,210.169.129.199
256,Jenna,Ganderton,jganderton73@ehow.com,Female,124.136.225.151
257,Gus,Le Floch,glefloch74@google.it,Female,28.11.27.198
258,Link,Trodd,ltrodd75@dion.ne.jp,Male,110.188.212.235
259,Harwell,Huston,hhuston76@vimeo.com,Male,77.238.45.1
260,Othella,Toderi,otoderi77@answers.com,Female,10.70.38.154
261,Micheil,Azema,mazema78@webnode.com,Male,150.189.37.69
262,Randy,Case,rcase79@webnode.com,Male,183.172.121.232
263,Redford,Garrood,rgarrood7a@hubpages.com,Male,130.168.250.137
264,Gertrud,McGovern,gmcgovern7b@businessinsider.com,Female,79.40.234.229
265,Julianna,Blanc,jblanc7c@senate.gov,Female,127.101.89.9
266,Spence,Cosgry,scosgry7d@go.com,Male,197.95.105.38
267,Jerrie,Duncan,jduncan7e@sakura.ne.jp,Female,247.56.106.35
268,Jarad,Gell,jgell7f@deliciousdays.com,Male,230.93.146.21
269,Darcie,Maris,dmaris7g@columbia.edu,Female,191.0.143.31
270,Lind,Laming,llaming7h@go.com,Male,204.94.4.209
271,Douglas,Yashin,dyashin7i@apache.org,Male,156.84.11.186
272,Bessie,Nussey,bnussey7j@cbsnews.com,Female,84.21.221.188
273,Abbi,Rugge,arugge7k@who.int,Female,163.218.79.171
274,Emilio,Newland,enewland7l@wix.com,Male,186.227.133.202
275,Gill,Hatcher,ghatcher7m@over-blog.com,Male,17.152.242.201
276,Tiffie,Risdall,trisdall7n@bizjournals.com,Female,117.253.138.33
277,Kliment,Yurlov,kyurlov7o@fastcompany.com,Male,5.151.105.124
278,Shep,Vaz,svaz7p@wunderground.com,Male,110.88.44.3
279,Wanda,Faraker,wfaraker7q@mapy.cz,Female,196.125.167.162
280,Dionne,Trahar,dtrahar7r@netscape.com,Female,54.229.108.5
281,Glenda,Lammiman,glammiman7s@gov.uk,Female,88.203.24.209
282,Angie,Message,amessage7t@unblog.fr,Female,76.102.255.93
283,Kasper,Buckthorpe,kbuckthorpe7u@gnu.org,Male,232.218.232.93
284,Ethe,McEachern,emceachern7v@amazon.co.uk,Male,2.116.129.30
285,Westleigh,Burnie,wburnie7w@bbc.co.uk,Male,33.9.186.234
286,Gregoire,Duffrie,gduffrie7x@ocn.ne.jp,Male,3.172.75.244
287,Leela,Urrey,lurrey7y@1688.com,Female,5.88.0.202
288,Mindy,Lornsen,mlornsen7z@narod.ru,Female,48.242.135.137
289,Filbert,Roseburgh,froseburgh80@techcrunch.com,Male,207.198.116.72
290,Molly,Farmery,mfarmery81@timesonline.co.uk,Female,200.210.194.104
291,Byrom,Ingleton,bingleton82@forbes.com,Male,89.24.96.33
292,Simone,Mellows,smellows83@nbcnews.com,Male,155.151.224.145
293,Rainer,Purdon,rpurdon84@drupal.org,Male,157.127.122.162
294,Meghann,Jakoub,mjakoub85@google.cn,Female,209.173.42.218
295,Perry,Aisbett,paisbett86@alexa.com,Female,231.215.5.158
296,Bride,Maass,bmaass87@dyndns.org,Female,152.105.210.32
297,Agace,Myott,amyott88@wikispaces.com,Female,4.83.39.53
298,Gayle,Whitington,gwhitington89@taobao.com,Male,120.155.48.75
299,Haily,Caghan,hcaghan8a@dell.com,Female,118.86.13.180
300,Richardo,Riby,rriby8b@netscape.com,Male,75.62.208.78
301,Lorita,Bedbury,lbedbury8c@t.co,Female,197.200.55.212
302,Sanford,Gellion,sgellion8d@wufoo.com,Male,68.45.34.166
303,Lind,Fahey,lfahey8e@reference.com,Male,126.186.168.66
304,Karney,Miners,kminers8f@baidu.com,Polygender,195.170.166.19
305,James,Dukes,jdukes8g@gov.uk,Male,11.163.51.93
306,Bendick,Jasik,bjasik8h@jiathis.com,Genderfluid,194.163.117.101
307,Caspar,Sange,csange8i@intel.com,Male,29.108.222.96
308,Hebert,Siebart,hsiebart8j@patch.com,Male,196.134.55.66
309,Joaquin,Bennett,jbennett8k@howstuffworks.com,Male,36.90.6.20
310,Sydelle,Henrot,shenrot8l@amazon.co.jp,Female,116.178.168.41
311,Hurleigh,Ealam,healam8m@smugmug.com,Male,123.35.95.110
312,Milt,Simounet,msimounet8n@accuweather.com,Male,59.141.158.193
313,Silvano,Fulmen,sfulmen8o@alexa.com,Genderqueer,20.27.79.200
314,Leone,Czajkowski,lczajkowski8p@nsw.gov.au,Female,97.117.226.211
315,Grannie,Caveill,gcaveill8q@hc360.com,Male,171.23.26.99
316,Catha,Andress,candress8r@wordpress.com,Female,132.24.171.132
317,Vincenty,Cavell,vcavell8s@nytimes.com,Male,128.74.40.178
318,Boycie,Eustace,beustace8t@bbc.co.uk,Male,141.36.214.125
319,Tim,Hardington,thardington8u@ocn.ne.jp,Male,47.190.46.214
320,Patrizio,Rudyard,prudyard8v@g.co,Male,164.235.83.42
321,Kirsten,Briggs,kbriggs8w@ezinearticles.com,Female,96.197.87.129
322,Judye,Jenik,jjenik8x@behance.net,Female,111.135.162.8
323,Spence,Teague,steague8y@webeden.co.uk,Male,118.91.187.173
324,Georgianne,Emlyn,gemlyn8z@sciencedaily.com,Female,118.188.28.45
325,Trent,Sellens,tsellens90@indiatimes.com,Male,52.21.200.144
326,Mychal,L'Archer,mlarcher91@cpanel.net,Polygender,76.221.5.62
327,Cookie,Martinolli,cmartinolli92@rambler.ru,Female,19.29.195.215
328,Ransell,Fitzjohn,rfitzjohn93@dagondesign.com,Male,79.149.86.161
329,Harley,Michallat,hmichallat94@opera.com,Male,100.199.21.9
330,Eleanore,Straker,estraker95@bravesites.com,Female,14.5.142.191
331,Augustine,Matzeitis,amatzeitis96@skype.com,Genderqueer,192.141.61.21
332,Justin,Cottell,jcottell97@myspace.com,Male,48.36.231.165
333,Ebeneser,Kuscha,ekuscha98@abc.net.au,Male,122.130.71.238
334,Krissie,Sealey,ksealey99@github.io,Female,89.81.1.57
335,Joellen,Casbolt,jcasbolt9a@tinyurl.com,Female,58.171.108.23
336,Pavel,Kearey,pkearey9b@baidu.com,Male,137.30.94.248
337,Alvie,Scherer,ascherer9c@indiegogo.com,Male,175.58.159.43
338,Vinnie,Moodie,vmoodie9d@yellowpages.com,Agender,216.29.212.220
339,Astrix,Emmet,aemmet9e@aboutads.info,Female,123.59.210.253
340,Lyndsie,Merrill,lmerrill9f@tumblr.com,Female,109.227.3.89
341,Millard,Abazi,mabazi9g@jiathis.com,Male,67.64.70.62
342,Cari,Kilmary,ckilmary9h@photobucket.com,Polygender,79.132.141.205
343,Carolan,Hainsworth,chainsworth9i@constantcontact.com,Female,25.195.18.206
344,Quincey,McVitty,qmcvitty9j@dion.ne.jp,Male,134.222.36.146
345,Betty,Bursell,bbursell9k@desdev.cn,Female,244.193.133.187
346,Bili,Barhems,bbarhems9l@census.gov,Female,224.223.216.145
347,Natka,Ephgrave,nephgrave9m@yandex.ru,Female,151.114.217.4
348,Marleah,Tuiller,mtuiller9n@scientificamerican.com,Female,237.148.194.255
349,Annissa,Fleming,afleming9o@sourceforge.net,Female,118.135.141.19
350,Ceciley,Braisher,cbraisher9p@blogtalkradio.com,Female,183.81.160.34
351,Lucas,Birt,lbirt9q@fc2.com,Male,98.210.250.104
352,Mimi,De Angelo,mdeangelo9r@ovh.net,Female,184.115.83.169
353,Tabbie,Rounsivall,trounsivall9s@alexa.com,Male,194.208.230.0
354,Deb,Nulty,dnulty9t@cdbaby.com,Female,178.175.206.234
355,Inessa,Wheble,iwheble9u@wsj.com,Female,217.94.29.11
356,Kellby,Bowbrick,kbowbrick9v@sun.com,Male,39.61.148.54
357,Faye,Hasted,fhasted9w@wikipedia.org,Female,214.157.165.203
358,Hugibert,Gault,hgault9x@nymag.com,Male,106.208.138.75
359,Dilly,MacCarlich,dmaccarlich9y@storify.com,Genderqueer,58.130.215.139
360,Joy,Chesswas,jchesswas9z@oakley.com,Female,138.147.28.51
361,Claretta,Gotthard,cgottharda0@ftc.gov,Female,224.11.149.9
362,Broddie,Helbeck,bhelbecka1@mail.ru,Polygender,77.74.51.68
363,Nickolas,Forster,nforstera2@goodreads.com,Male,17.104.208.99
364,Berta,Petegre,bpetegrea3@dailymotion.com,Female,230.28.10.30
365,Christophorus,Duignan,cduignana4@parallels.com,Male,15.158.198.23
366,Hakim,Sans,hsansa5@tuttocitta.it,Male,171.73.218.14
367,Mic,Szymonwicz,mszymonwicza6@opensource.org,Male,21.203.44.9
368,Leta,Patinkin,lpatinkina7@statcounter.com,Bigender,193.156.163.106
369,Aarika,Grinter,agrintera8@twitter.com,Agender,36.106.207.81
370,Calypso,Crabtree,ccrabtreea9@parallels.com,Female,39.49.32.65
371,Grannie,Webborn,gwebbornaa@twitpic.com,Male,127.48.173.42
372,Muffin,Warlaw,mwarlawab@tinypic.com,Female,157.9.243.32
373,Cathryn,Shadfourth,cshadfourthac@tinyurl.com,Female,223.49.74.23
374,Mimi,Fosh,mfoshad@earthlink.net,Female,200.123.180.225
375,Carmen,Cotgrave,ccotgraveae@csmonitor.com,Female,138.226.162.153
376,Rossie,Vakhonin,rvakhoninaf@hud.gov,Male,151.61.111.10
377,Tallou,Raeburn,traeburnag@live.com,Agender,216.248.139.80
378,Ezri,Chidgey,echidgeyah@rediff.com,Male,93.232.144.40
379,Fredelia,Lutton,fluttonai@fema.gov,Female,217.56.58.154
380,Augustine,Longthorne,alongthorneaj@statcounter.com,Male,42.154.255.182
381,Sylvester,Cattellion,scattellionak@youtube.com,Male,182.24.255.150
382,Deeann,Aldine,daldineal@nhs.uk,Bigender,58.100.168.73
383,Gannon,Odgaard,godgaardam@desdev.cn,Male,174.45.63.53
384,Fan,Sciacovelli,fsciacovellian@indiatimes.com,Female,126.234.40.244
385,Dniren,Beentjes,dbeentjesao@huffingtonpost.com,Female,50.147.255.79
386,Halsy,Brennon,hbrennonap@arizona.edu,Male,216.159.197.231
387,Dani,Camellini,dcamelliniaq@reference.com,Female,155.150.21.131
388,Carlynn,Beiderbeck,cbeiderbeckar@un.org,Female,21.233.104.66
389,Sacha,McKellar,smckellaras@wordpress.com,Female,246.5.21.108
390,Shelby,Craigie,scraigieat@yahoo.co.jp,Female,186.234.179.129
391,Suzette,Simononsky,ssimononskyau@printfriendly.com,Non-binary,91.220.253.116
392,Phyllis,Tolson,ptolsonav@soup.io,Female,108.201.145.99
393,Sheilakathryn,Sherebrooke,ssherebrookeaw@google.de,Female,230.173.13.7
394,Riva,Paliser,rpaliserax@army.mil,Female,153.209.217.8
395,Oberon,Newlands,onewlandsay@yandex.ru,Male,228.242.211.69
396,Kienan,Lawrenson,klawrensonaz@vkontakte.ru,Male,241.166.88.104
397,Antonia,Johnikin,ajohnikinb0@shareasale.com,Female,68.64.206.66
398,Conrado,Sodeau,csodeaub1@google.cn,Male,93.21.226.186
399,Cynthia,Johann,cjohannb2@salon.com,Female,3.2.139.185
400,Romonda,Crumby,rcrumbyb3@bloomberg.com,Female,48.221.42.84
401,Mildred,MacNeil,mmacneilb4@youtu.be,Female,40.239.34.104
402,Errol,Feye,efeyeb5@who.int,Male,128.41.45.5
403,Hyatt,Barlace,hbarlaceb6@fda.gov,Bigender,114.110.67.8
404,Ugo,Jaxon,ujaxonb7@imageshack.us,Male,121.53.107.229
405,Dalton,Foucher,dfoucherb8@instagram.com,Male,82.168.70.235
406,Friederike,Bambrough,fbambroughb9@gov.uk,Female,111.22.243.99
407,Myrilla,Cockell,mcockellba@elegantthemes.com,Female,59.127.115.125
408,Deanne,Page,dpagebb@scribd.com,Female,234.165.182.242
409,Gustave,Antill,gantillbc@acquirethisname.com,Male,187.154.149.244
410,Arlette,Aliberti,aalibertibd@adobe.com,Agender,13.25.172.246
411,Ellery,Goldsbury,egoldsburybe@posterous.com,Male,161.13.191.154
412,Moll,Hedlestone,mhedlestonebf@instagram.com,Female,189.204.238.109
413,Marsha,Parkman,mparkmanbg@guardian.co.uk,Female,101.140.219.217
414,Kitti,Pedrollo,kpedrollobh@vkontakte.ru,Non-binary,173.92.168.130
415,Frasier,Feldhammer,ffeldhammerbi@mapy.cz,Non-binary,168.147.172.111
416,Tobe,Le Fevre,tlefevrebj@dyndns.org,Genderqueer,186.174.156.202
417,Rey,Geeson,rgeesonbk@msu.edu,Female,105.35.63.117
418,Moss,Alesin,malesinbl@nih.gov,Male,119.60.0.230
419,Andriana,Wehner,awehnerbm@booking.com,Female,116.187.216.209
420,Mata,Osburn,mosburnbn@usnews.com,Male,163.36.110.71
421,Bobina,Kid,bkidbo@4shared.com,Female,108.95.88.151
422,Boniface,Aslin,baslinbp@cisco.com,Male,158.60.109.32
423,Nicholas,Bellsham,nbellshambq@nydailynews.com,Male,98.255.122.69
424,Madella,Beardall,mbeardallbr@unesco.org,Female,53.252.145.83
425,Rachelle,Teare,rtearebs@cocolog-nifty.com,Female,14.6.229.188
426,Agatha,Huitt,ahuittbt@patch.com,Female,50.212.233.215
427,Cal,Donaghy,cdonaghybu@fc2.com,Female,217.188.235.208
428,Melisandra,Moakler,mmoaklerbv@intel.com,Female,47.225.161.11
429,Keefe,Catterson,kcattersonbw@hibu.com,Genderfluid,208.93.216.84
430,Hollis,Gorry,hgorrybx@ucsd.edu,Male,188.235.58.248
431,Domingo,Bouzek,dbouzekby@flavors.me,Male,144.58.25.99
432,Kahlil,Sawood,ksawoodbz@paypal.com,Male,109.163.171.235
433,Sven,Bastock,sbastockc0@aboutads.info,Male,107.252.184.98
434,Iolanthe,Livingstone,ilivingstonec1@indiatimes.com,Female,13.124.134.56
435,Selby,Wren,swrenc2@chicagotribune.com,Male,181.170.19.189
436,Caroljean,O'Quin,coquinc3@google.nl,Female,144.213.54.158
437,Tye,Humm,thummc4@ted.com,Male,20.46.98.144
438,Nora,Tabbitt,ntabbittc5@dell.com,Female,254.141.98.11
439,Arthur,Egdal,aegdalc6@nbcnews.com,Male,68.81.252.104
440,Arni,Neubigging,aneubiggingc7@army.mil,Male,97.191.15.64
441,Patton,Durdy,pdurdyc8@reuters.com,Male,98.213.10.116
442,Roderic,Han,rhanc9@theglobeandmail.com,Male,72.99.191.66
443,Whitney,Seyfart,wseyfartca@addthis.com,Female,141.238.219.47
444,Yorgos,Llewelly,yllewellycb@ask.com,Male,52.1.63.45
445,Suzi,Zamudio,szamudiocc@ftc.gov,Female,67.157.202.136
446,Benedick,Bromehead,bbromeheadcd@ning.com,Male,173.79.225.107
447,Dulcine,MacCathay,dmaccathayce@usa.gov,Female,171.231.226.152
448,Veronika,Furnival,vfurnivalcf@cisco.com,Female,134.45.64.36
449,Orrin,Martellini,omartellinicg@shareasale.com,Male,55.182.74.227
450,Rutherford,Moverley,rmoverleych@wikispaces.com,Genderfluid,46.40.168.172
451,Bram,I'anson,biansonci@army.mil,Male,149.155.64.151
452,Fredrick,Yurevich,fyurevichcj@histats.com,Male,186.41.93.72
453,Sheffie,Woodeson,swoodesonck@last.fm,Male,217.242.12.125
454,Gilbertine,Meader,gmeadercl@upenn.edu,Female,251.138.210.223
455,Trina,Colliber,tcollibercm@goodreads.com,Female,62.143.211.135
456,Octavius,Wichard,owichardcn@digg.com,Male,3.235.34.186
457,Ursala,MacCrosson,umaccrossonco@timesonline.co.uk,Female,43.237.29.211
458,Niels,Ruppele,nruppelecp@meetup.com,Male,105.110.66.156
459,Samuel,Rodwell,srodwellcq@thetimes.co.uk,Male,9.139.32.204
460,Bobbi,Czadla,bczadlacr@topsy.com,Female,57.38.118.97
461,Xymenes,Marfell,xmarfellcs@exblog.jp,Male,35.153.122.47
462,Dorrie,Kelby,dkelbyct@ucoz.ru,Female,50.107.11.171
463,Dotti,Schooling,dschoolingcu@nydailynews.com,Female,30.135.41.95
464,Konrad,Davage,kdavagecv@addtoany.com,Male,0.115.122.26
465,Analiese,Mattersley,amattersleycw@feedburner.com,Female,221.216.32.241
466,Benoite,Manclark,bmanclarkcx@house.gov,Non-binary,54.33.145.93
467,Maddie,Laight,mlaightcy@github.com,Male,151.194.154.13
468,Krishnah,Cropper,kcroppercz@omniture.com,Male,29.170.248.232
469,Chryste,Edlestone,cedlestoned0@cloudflare.com,Polygender,201.83.132.83
470,Annabell,Rashleigh,arashleighd1@yellowpages.com,Female,249.207.70.254
471,Gabriella,Tolmie,gtolmied2@prnewswire.com,Genderfluid,14.227.134.20
472,Yehudit,Izhak,yizhakd3@storify.com,Male,159.77.52.255
473,Jaquelin,Glanvill,jglanvilld4@washington.edu,Female,60.144.172.20
474,Dinny,Hove,dhoved5@ycombinator.com,Non-binary,206.228.195.253
475,Ammamaria,Statter,astatterd6@ow.ly,Female,202.59.219.233
476,Tedra,Vittore,tvittored7@yandex.ru,Female,240.166.195.68
477,Brooks,Grey,bgreyd8@youtube.com,Male,51.89.89.60
478,Vinson,Mateescu,vmateescud9@ustream.tv,Male,152.225.152.24
479,Kellsie,Haselden,khaseldenda@nifty.com,Female,158.192.33.176
480,Gris,Skatcher,gskatcherdb@columbia.edu,Male,201.189.181.216
481,Renault,Burndred,rburndreddc@ucoz.com,Male,201.189.237.144
482,Averell,Lambird,alambirddd@nifty.com,Male,147.251.36.161
483,Amabel,Abade,aabadede@prweb.com,Female,138.45.134.140
484,Zarah,Lammas,zlammasdf@liveinternet.ru,Female,79.8.141.60
485,King,Ricarde,kricardedg@tumblr.com,Male,28.30.169.98
486,Hurleigh,Clewley,hclewleydh@mit.edu,Non-binary,52.142.255.97
487,Grissel,Ilyas,gilyasdi@tuttocitta.it,Female,253.191.26.198
488,Sayer,Jerrand,sjerranddj@so-net.ne.jp,Male,100.23.240.138
489,Thurston,Felgat,tfelgatdk@ted.com,Male,118.198.225.240
490,Carney,Hue,chuedl@buzzfeed.com,Male,171.202.94.1
491,Ashton,Heersema,aheersemadm@desdev.cn,Male,171.182.38.252
492,Booth,Augustus,baugustusdn@geocities.com,Male,97.103.66.35
493,Morgana,MacGilrewy,mmacgilrewydo@cdc.gov,Female,3.61.118.6
494,Angelina,Roseman,arosemandp@webeden.co.uk,Female,206.0.90.135
495,Osborne,Iban,oibandq@imageshack.us,Male,115.58.221.36
496,Marje,Graith,mgraithdr@wufoo.com,Female,70.154.203.196
497,Cammi,Gretton,cgrettonds@microsoft.com,Female,154.201.34.200
498,Pearle,Hulstrom,phulstromdt@chicagotribune.com,Female,58.219.63.89
499,Micky,Fisk,mfiskdu@cargocollective.com,Male,30.105.223.53
500,Gabi,M'Barron,gmbarrondv@yahoo.co.jp,Female,77.148.62.84
501,Randi,Jenicek,rjenicekdw@blogtalkradio.com,Male,248.9.128.86
502,Rainer,Clineck,rclineckdx@mac.com,Male,187.146.205.188
503,Dione,Sanderson,dsandersondy@people.com.cn,Genderqueer,168.131.102.58
504,Yard,Basindale,ybasindaledz@msu.edu,Male,38.7.237.169
505,Jordan,Brose,jbrosee0@yahoo.com,Female,183.90.79.193
506,Jayme,Dymock,jdymocke1@mediafire.com,Female,23.3.16.159
507,Ringo,Birden,rbirdene2@unc.edu,Male,248.51.188.2
508,Catie,McAleese,cmcaleesee3@adobe.com,Female,244.89.169.25
509,Anatollo,Falconbridge,afalconbridgee4@cbsnews.com,Male,11.186.49.23
510,Mylo,Dunphy,mdunphye5@gov.uk,Male,0.72.95.175
511,Farrell,Gillio,fgillioe6@flavors.me,Male,45.63.227.133
512,Ann-marie,McGeorge,amcgeorgee7@columbia.edu,Female,132.16.23.15
513,Tony,Vischi,tvischie8@arizona.edu,Female,153.174.88.139
514,Everard,Linge,elingee9@sourceforge.net,Male,175.165.161.203
515,Darn,Walkley,dwalkleyea@seesaa.net,Male,191.194.223.114
516,Jenna,Eixenberger,jeixenbergereb@irs.gov,Female,231.194.143.116
517,Nana,Mackney,nmackneyec@wikipedia.org,Female,231.155.219.187
518,Vivien,Scarisbrick,vscarisbricked@paginegialle.it,Female,248.91.21.51
519,Artemus,Gaynes,agaynesee@nifty.com,Male,130.91.136.189
520,Irvine,Dray,idrayef@1und1.de,Male,97.115.245.168
521,Aylmar,Raftery,arafteryeg@linkedin.com,Male,230.232.36.139
522,Sebastiano,Pilbury,spilburyeh@creativecommons.org,Male,1.112.63.137
523,Philipa,Wessell,pwessellei@wikispaces.com,Genderqueer,103.26.196.61
524,Enid,Kopacek,ekopacekej@mail.ru,Female,16.208.179.205
525,Shamus,Leppard,sleppardek@woothemes.com,Male,152.235.73.9
526,Abbey,Vanyashin,avanyashinel@usatoday.com,Genderqueer,95.229.184.79
527,Violette,Westcott,vwestcottem@apache.org,Female,195.88.112.62
528,Huberto,Witham,hwithamen@51.la,Male,221.61.168.189
529,Florella,Claypoole,fclaypooleeo@trellian.com,Female,15.168.74.115
530,Boote,Lerwell,blerwellep@printfriendly.com,Male,94.9.187.163
531,Cosme,Michin,cmichineq@ezinearticles.com,Male,111.145.110.183
532,Guthrey,Elie,gelieer@addthis.com,Male,23.188.86.201
533,Donaugh,Duxbury,dduxburyes@archive.org,Male,80.1.8.121
534,Lemar,Capoun,lcapounet@nba.com,Male,185.9.150.72
535,Sullivan,Rossbrook,srossbrookeu@cdbaby.com,Male,116.43.24.88
536,Amii,Pensom,apensomev@cdbaby.com,Female,105.31.63.21
537,Reinald,Leverton,rlevertonew@google.ca,Male,130.215.57.153
538,Nealon,Bonnier,nbonnierex@tmall.com,Male,128.233.97.198
539,Gabriell,Jedryka,gjedrykaey@java.com,Female,165.88.43.124
540,Karim,Edgeworth,kedgeworthez@sciencedaily.com,Male,122.14.146.149
541,Shaylynn,Sanderson,ssandersonf0@unc.edu,Female,6.90.241.172
542,Mandi,Taillard,mtaillardf1@pagesperso-orange.fr,Female,16.85.153.24
543,Lola,Zorzi,lzorzif2@baidu.com,Female,109.215.82.68
544,Rosie,Hebblewhite,rhebblewhitef3@behance.net,Female,75.16.8.190
545,Ban,Gurner,bgurnerf4@reuters.com,Male,215.87.50.125
546,Jsandye,Knill,jknillf5@blinklist.com,Female,78.106.59.116
547,Blane,Carluccio,bcarlucciof6@weebly.com,Male,65.12.177.178
548,Derby,Bradfield,dbradfieldf7@dot.gov,Male,186.255.240.254
549,Edgar,Slimme,eslimmef8@unesco.org,Male,48.215.241.167
550,Thelma,Rickards,trickardsf9@bloglines.com,Female,196.6.124.180
551,Inglis,Windram,iwindramfa@narod.ru,Male,41.66.1.214
552,Trixie,Guerrier,tguerrierfb@a8.net,Female,197.209.187.58
553,Andriana,Kinnerley,akinnerleyfc@nbcnews.com,Female,219.172.45.35
554,Borg,Bonellie,bbonelliefd@wp.com,Polygender,77.138.98.146
555,Leicester,Courtes,lcourtesfe@kickstarter.com,Male,106.203.87.51
556,Rabbi,Stileman,rstilemanff@usda.gov,Male,98.154.0.165
557,Rolando,Mowson,rmowsonfg@mysql.com,Polygender,170.195.189.187
558,Thekla,Addicott,taddicottfh@addtoany.com,Female,31.10.183.246
559,Fancy,Yusupov,fyusupovfi@google.com.br,Female,155.45.200.58
560,Stanly,Snodin,ssnodinfj@flickr.com,Male,229.154.16.137
561,Allin,Bapty,abaptyfk@unicef.org,Male,101.99.207.80
562,Goober,Biddles,gbiddlesfl@seattletimes.com,Male,73.99.134.98
563,Kerby,Ablewhite,kablewhitefm@twitpic.com,Male,81.142.182.51
564,Cornela,Peach,cpeachfn@cornell.edu,Female,220.122.43.66
565,Jenni,Trehearne,jtrehearnefo@dot.gov,Female,142.44.226.146
566,Imojean,Corderoy,icorderoyfp@chronoengine.com,Female,43.224.175.139
567,Rockey,Ferruzzi,rferruzzifq@4shared.com,Male,215.218.34.177
568,Robinet,Novotne,rnovotnefr@spiegel.de,Male,62.34.28.116
569,Lilly,FitzGibbon,lfitzgibbonfs@loc.gov,Female,40.55.1.133
570,Dorette,Paunton,dpauntonft@umn.edu,Polygender,219.176.190.114
571,Sibylla,Peek,speekfu@domainmarket.com,Female,248.161.44.108
572,Turner,De Angelo,tdeangelofv@nydailynews.com,Male,143.32.245.147
573,Edik,Tague,etaguefw@woothemes.com,Male,210.141.203.68
574,Siouxie,Presnall,spresnallfx@github.io,Female,241.56.63.240
575,Meara,Fforde,mffordefy@xing.com,Female,61.112.136.46
576,Adrianne,MacShirrie,amacshirriefz@people.com.cn,Female,182.111.251.24
577,Artair,Coleby,acolebyg0@oracle.com,Male,78.213.202.204
578,Channa,Nolan,cnolang1@hhs.gov,Female,0.226.153.46
579,Ronna,Saffen,rsaffeng2@odnoklassniki.ru,Female,235.159.82.40
580,Megan,Kill,mkillg3@hostgator.com,Female,119.132.190.40
581,Andie,Stare,astareg4@prweb.com,Female,179.211.51.89
582,Cass,Peakman,cpeakmang5@elegantthemes.com,Female,0.75.75.15
583,Dan,Grishechkin,dgrishechking6@google.de,Genderqueer,142.134.35.228
584,Ronni,Risson,rrissong7@de.vu,Female,141.146.130.70
585,Jermaine,Fuzzens,jfuzzensg8@live.com,Male,180.236.9.195
586,Diego,Toffalo,dtoffalog9@i2i.jp,Bigender,19.245.253.46
587,Parry,Gillice,pgillicega@google.co.jp,Male,198.213.185.93
588,Zora,Human,zhumangb@php.net,Female,131.156.55.123
589,Angie,Rykert,arykertgc@wikipedia.org,Female,14.238.30.118
590,Rey,Durdan,rdurdangd@google.com.hk,Male,83.16.148.8
591,Moreen,Giacomazzo,mgiacomazzoge@dailymotion.com,Female,53.218.227.79
592,Georgeanna,Banbridge,gbanbridgegf@economist.com,Female,85.57.71.38
593,Pacorro,Jozaitis,pjozaitisgg@infoseek.co.jp,Bigender,36.140.143.229
594,Elinor,Molloy,emolloygh@shop-pro.jp,Non-binary,95.226.174.167
595,Robyn,Dinning,rdinninggi@japanpost.jp,Female,164.31.103.24
596,Hermon,Spinley,hspinleygj@storify.com,Male,120.84.89.142
597,Morrie,Geratasch,mgerataschgk@barnesandnoble.com,Male,112.247.75.162
598,Charo,Pauletto,cpaulettogl@msu.edu,Female,124.118.219.124
599,Elle,Ritchley,eritchleygm@hatena.ne.jp,Female,236.16.121.195
600,Oliver,Vasic,ovasicgn@meetup.com,Male,88.195.229.124
601,Tara,Schorah,tschorahgo@soup.io,Female,210.208.71.135
602,Gerrilee,Pettyfer,gpettyfergp@ameblo.jp,Female,209.75.254.222
603,Libbie,Linbohm,llinbohmgq@home.pl,Female,151.229.56.120
604,Zerk,Cornes,zcornesgr@youku.com,Male,144.244.192.247
605,Vannie,Kohneke,vkohnekegs@digg.com,Bigender,110.65.198.221
606,Sergio,Lingfoot,slingfootgt@vimeo.com,Male,173.94.29.4
607,Grady,Duckit,gduckitgu@ft.com,Male,131.250.91.49
608,Hamilton,Booth,hboothgv@upenn.edu,Male,84.199.97.69
609,Norine,Raun,nraungw@hugedomains.com,Female,154.120.227.63
610,Shayla,Cosgry,scosgrygx@com.com,Female,141.249.165.155
611,Cordelia,Brandi,cbrandigy@stumbleupon.com,Polygender,72.35.154.200
612,Annnora,Prin,apringz@rambler.ru,Female,102.125.172.210
613,Pepe,Yanez,pyanezh0@hp.com,Male,247.243.24.58
614,Corrie,Gayne,cgayneh1@tinyurl.com,Female,174.83.92.162
615,Gaile,Kear,gkearh2@youtu.be,Male,206.35.44.124
616,Nessa,Passie,npassieh3@ox.ac.uk,Female,181.198.189.157
617,Gabi,Casewell,gcasewellh4@auda.org.au,Female,193.138.77.216
618,Kerby,Hetterich,khetterichh5@blogger.com,Male,226.206.116.50
619,Arne,Kubek,akubekh6@whitehouse.gov,Male,34.142.133.121
620,Galven,Klaggeman,gklaggemanh7@wired.com,Male,213.53.78.247
621,Mable,Lomb,mlombh8@craigslist.org,Polygender,136.72.140.136
622,Diannne,Tomini,dtominih9@scientificamerican.com,Female,110.212.172.218
623,Letitia,Kighly,lkighlyha@bravesites.com,Female,127.156.72.58
624,Chris,Palluschek,cpalluschekhb@qq.com,Male,108.182.139.213
625,Libbi,Lammers,llammershc@people.com.cn,Female,203.198.198.176
626,Maurie,Livzey,mlivzeyhd@house.gov,Bigender,98.84.129.127
627,Gusta,Gonnel,ggonnelhe@sciencedaily.com,Female,30.74.201.136
628,Ephrem,Eaken,eeakenhf@mediafire.com,Male,254.9.10.25
629,Silas,Scotchforth,sscotchforthhg@webnode.com,Male,240.65.38.201
630,Aubree,Burrage,aburragehh@yelp.com,Female,48.147.251.30
631,Silvain,Brice,sbricehi@unblog.fr,Male,190.69.143.156
632,Kane,Jentin,kjentinhj@yahoo.co.jp,Male,170.233.185.194
633,Padriac,Roels,proelshk@hp.com,Male,175.97.251.204
634,Neely,Yelding,nyeldinghl@bing.com,Female,50.4.146.2
635,Hobie,Reburn,hreburnhm@pagesperso-orange.fr,Male,149.239.13.122
636,Stanfield,Esmond,sesmondhn@oakley.com,Male,75.215.6.248
637,Aveline,Swansborough,aswansboroughho@163.com,Agender,61.150.237.135
638,Rance,Beamish,rbeamishhp@zdnet.com,Bigender,32.17.26.250
639,Nikki,Galgey,ngalgeyhq@dropbox.com,Female,174.79.26.156
640,Loralee,Slessar,lslessarhr@virginia.edu,Female,222.208.8.176
641,Anatollo,Chapiro,achapirohs@tripadvisor.com,Male,206.56.40.232
642,Waldemar,Hawtin,whawtinht@time.com,Male,56.225.96.220
643,Angie,Wisdom,awisdomhu@hubpages.com,Male,34.173.64.1
644,Alvan,Antonio,aantoniohv@usda.gov,Male,18.75.113.124
645,Helen,Attrill,hattrillhw@sbwire.com,Female,112.209.85.96
646,Linc,Robbie,lrobbiehx@alexa.com,Male,122.65.163.207
647,Amity,Gerardet,agerardethy@exblog.jp,Female,89.88.214.141
648,Derril,Fri,dfrihz@w3.org,Male,31.155.155.204
649,Alwin,Fidelli,afidellii0@army.mil,Bigender,5.125.232.131
650,Danny,Huffey,dhuffeyi1@mail.ru,Male,92.96.79.85
651,Bertie,Shufflebotham,bshufflebothami2@edublogs.org,Female,0.208.42.49
652,Cob,Kornalik,ckornaliki3@elegantthemes.com,Male,118.26.118.201
653,Brad,Stolte,bstoltei4@guardian.co.uk,Male,212.193.255.173
654,Clarey,de Grey,cdegreyi5@tripod.com,Female,37.190.161.89
655,Lane,Jobbing,ljobbingi6@etsy.com,Male,221.197.204.228
656,Trevar,Kemmis,tkemmisi7@yellowbook.com,Male,96.221.9.216
657,Romeo,Jakoubec,rjakoubeci8@techcrunch.com,Male,112.176.249.67
658,Jamaal,Etienne,jetiennei9@craigslist.org,Male,38.32.232.233
659,Fremont,Di Maggio,fdimaggioia@kickstarter.com,Male,223.134.127.88
660,Jo,Rodda,jroddaib@xrea.com,Male,4.233.218.1
661,Abbe,Baggarley,abaggarleyic@yandex.ru,Female,12.243.75.103
662,Obie,Peinton,opeintonid@wikispaces.com,Male,221.13.150.42
663,Porter,Aldins,paldinsie@archive.org,Male,116.151.175.214
664,Maggi,Sheridan,msheridanif@noaa.gov,Female,65.176.223.120
665,Anthony,Balffye,abalffyeig@army.mil,Male,248.147.54.143
666,Natalina,Hylton,nhyltonih@cnet.com,Female,11.219.210.57
667,Toma,Vedenyakin,tvedenyakinii@xing.com,Agender,30.57.154.114
668,Ermanno,Pople,epopleij@mozilla.com,Male,23.63.242.197
669,Donella,Alben,dalbenik@storify.com,Female,98.232.75.250
670,Shellie,Byne,sbyneil@fema.gov,Female,109.72.9.26
671,Ermentrude,Ajsik,eajsikim@vimeo.com,Female,245.54.49.137
672,Maybelle,Colloby,mcollobyin@macromedia.com,Female,162.81.73.209
673,Laughton,Thackwray,lthackwrayio@spotify.com,Male,14.224.57.197
674,Ursa,Jewers,ujewersip@tripod.com,Female,68.128.192.162
675,Stephie,Peiser,speiseriq@phpbb.com,Female,40.141.89.27
676,Evania,Dugood,edugoodir@indiatimes.com,Female,124.28.182.158
677,Darrell,Swynfen,dswynfenis@netlog.com,Male,50.47.145.231
678,Bliss,Patillo,bpatilloit@theatlantic.com,Female,224.181.140.115
679,Evie,Kilty,ekiltyiu@godaddy.com,Female,237.77.103.111
680,Ciel,Le feuvre,clefeuvreiv@va.gov,Female,235.195.210.121
681,Garland,Weinberg,gweinbergiw@latimes.com,Female,182.224.202.225
682,Thomasina,Duckering,tduckeringix@i2i.jp,Female,51.247.41.21
683,Leigha,Pennycord,lpennycordiy@unblog.fr,Female,123.100.190.162
684,Cornie,Knowller,cknowlleriz@tripod.com,Female,13.114.145.27
685,Starla,Guerrin,sguerrinj0@devhub.com,Female,217.13.64.50
686,Revkah,Luto,rlutoj1@dedecms.com,Female,12.141.154.223
687,Sayers,Tieman,stiemanj2@godaddy.com,Male,40.126.77.9
688,Kinna,Devil,kdevilj3@privacy.gov.au,Female,242.27.184.59
689,Terrill,Clappison,tclappisonj4@redcross.org,Male,229.12.141.123
690,Wyn,Cake,wcakej5@utexas.edu,Male,34.22.226.242
691,Killie,Sackes,ksackesj6@japanpost.jp,Agender,45.57.30.245
692,Jonell,Cantor,jcantorj7@illinois.edu,Female,164.228.233.107
693,Sheppard,Simonds,ssimondsj8@businessweek.com,Male,10.145.137.118
694,Josee,Capehorn,jcapehornj9@dell.com,Female,98.6.36.108
695,Walt,Lukesch,wlukeschja@sakura.ne.jp,Male,83.0.128.139
696,Kaitlynn,Blowing,kblowingjb@engadget.com,Female,249.55.187.57
697,Cameron,Hebbes,chebbesjc@rakuten.co.jp,Male,231.101.86.105
698,Gabie,Lambol,glamboljd@ted.com,Genderfluid,89.52.185.186
699,Anna-maria,Basek,abasekje@blogtalkradio.com,Female,36.99.198.52
700,Brittaney,Roft,broftjf@tinyurl.com,Female,171.4.98.19
701,Talbert,Hilbourne,thilbournejg@freewebs.com,Bigender,176.10.181.138
702,Elyse,Barbera,ebarberajh@theglobeandmail.com,Female,83.245.189.143
703,Dilan,Bossingham,dbossinghamji@nifty.com,Male,154.82.70.92
704,Idell,Leader,ileaderjj@jugem.jp,Female,81.94.68.127
705,Renado,Scullion,rscullionjk@simplemachines.org,Male,148.24.227.142
706,Pennie,Purseglove,ppurseglovejl@issuu.com,Male,220.113.224.56
707,Fara,Brayford,fbrayfordjm@stumbleupon.com,Female,183.196.186.2
708,Aggy,Dukesbury,adukesburyjn@godaddy.com,Female,126.36.154.82
709,Gaye,Craxford,gcraxfordjo@craigslist.org,Agender,83.250.197.15
710,Leroy,Godlonton,lgodlontonjp@mapquest.com,Polygender,228.145.126.63
711,Emmy,Miere,emierejq@xinhuanet.com,Male,4.240.195.62
712,Guenna,Berceros,gbercerosjr@mashable.com,Non-binary,190.21.198.209
713,Moritz,Marquess,mmarquessjs@cargocollective.com,Male,66.226.224.109
714,Pincas,Lorain,plorainjt@auda.org.au,Male,102.170.43.76
715,Marthe,Heffer,mhefferju@princeton.edu,Female,216.113.128.62
716,Saunderson,Treend,streendjv@pagesperso-orange.fr,Male,117.32.67.58
717,Gardie,Burkart,gburkartjw@hexun.com,Male,146.225.23.243
718,Van,Mecozzi,vmecozzijx@boston.com,Female,180.110.180.5
719,Saunders,Tonepohl,stonepohljy@vkontakte.ru,Male,90.39.63.114
720,Cathee,Cassels,ccasselsjz@bloglovin.com,Female,251.236.120.87
721,Celisse,Carragher,ccarragherk0@amazon.co.jp,Female,113.32.221.247
722,Elberta,Pfeifer,epfeiferk1@yale.edu,Female,47.194.247.206
723,Hattie,Daymond,hdaymondk2@taobao.com,Female,192.130.94.185
724,Ira,Sides,isidesk3@prnewswire.com,Male,172.111.232.105
725,Marney,Cundey,mcundeyk4@stanford.edu,Female,179.178.20.239
726,Jaclin,Perigoe,jperigoek5@photobucket.com,Female,170.69.82.198
727,Jacobo,Truscott,jtruscottk6@newsvine.com,Male,138.163.223.133
728,Peg,Afonso,pafonsok7@mac.com,Female,207.68.118.221
729,Georgie,Gaggen,ggaggenk8@pen.io,Female,51.110.210.208
730,Iosep,Weedon,iweedonk9@umich.edu,Male,66.134.86.255
731,Traci,Cawdron,tcawdronka@redcross.org,Bigender,221.115.25.63
732,Maisey,Littledyke,mlittledykekb@github.com,Female,100.88.177.159
733,Katee,Havick,khavickkc@ucoz.ru,Female,55.130.139.250
734,Raychel,Cantle,rcantlekd@un.org,Female,68.36.145.157
735,Ernesta,Riolfi,eriolfike@state.tx.us,Female,146.46.60.142
736,Alejoa,Tummasutti,atummasuttikf@discovery.com,Male,200.223.32.245
737,Gaby,Thorlby,gthorlbykg@blogtalkradio.com,Male,239.74.10.57
738,Gwyneth,Fahrenbach,gfahrenbachkh@mysql.com,Female,252.36.240.52
739,Honey,Garretts,hgarrettski@domainmarket.com,Female,248.252.93.112
740,Dillie,Colleer,dcolleerkj@cnet.com,Male,43.254.237.33
741,Lucius,Leadbetter,lleadbetterkk@tripadvisor.com,Male,102.153.232.91
742,Trev,Casewell,tcasewellkl@paginegialle.it,Male,229.187.82.129
743,Clerc,Di Angelo,cdiangelokm@storify.com,Male,221.225.123.195
744,Juliana,Whitehurst,jwhitehurstkn@chron.com,Female,243.247.148.236
745,Olva,Harwell,oharwellko@blinklist.com,Female,124.174.82.67
746,Gibb,Chippindale,gchippindalekp@elpais.com,Male,214.148.90.111
747,Leticia,McIlheran,lmcilherankq@meetup.com,Female,28.146.136.109
748,Tedmund,Kubin,tkubinkr@de.vu,Male,65.62.65.205
749,Margery,Dobrovsky,mdobrovskyks@surveymonkey.com,Female,29.240.91.20
750,Lorelei,Peacock,lpeacockkt@jimdo.com,Bigender,169.198.101.43
751,Joseito,Finlater,jfinlaterku@reddit.com,Male,201.80.203.8
752,Sayer,Andor,sandorkv@harvard.edu,Male,224.51.24.215
753,Bartolomeo,Lorie,bloriekw@dmoz.org,Male,109.7.39.45
754,Bobbie,Howel,bhowelkx@php.net,Agender,166.185.49.155
755,Bebe,Rosebotham,brosebothamky@surveymonkey.com,Female,60.192.92.14
756,Ailene,Furneaux,afurneauxkz@washington.edu,Female,32.10.47.22
757,Jacky,Isaac,jisaacl0@mysql.com,Male,182.107.202.244
758,Thorsten,Labon,tlabonl1@weibo.com,Male,105.48.195.16
759,Niccolo,Krystek,nkrystekl2@google.it,Male,186.142.23.29
760,Anetta,Thompson,athompsonl3@jalbum.net,Non-binary,124.78.23.113
761,Tallie,Broscombe,tbroscombel4@goo.ne.jp,Male,55.61.108.125
762,Robenia,Luthwood,rluthwoodl5@drupal.org,Female,153.7.188.82
763,Rici,Raigatt,rraigattl6@washingtonpost.com,Female,45.91.167.23
764,Rafaelita,Leffek,rleffekl7@tumblr.com,Female,236.29.76.159
765,Korey,Ramas,kramasl8@mac.com,Male,62.76.245.227
766,Arlyn,Topliss,atoplissl9@theguardian.com,Female,72.33.35.141
767,Sholom,Walshe,swalshela@sourceforge.net,Genderfluid,50.199.55.128
768,Neila,Jeram,njeramlb@comsenz.com,Female,207.207.32.66
769,Lianna,Devonshire,ldevonshirelc@loc.gov,Female,8.71.80.219
770,Renado,Pumphreys,rpumphreysld@time.com,Male,217.27.212.150
771,Lanny,Potkin,lpotkinle@wisc.edu,Genderqueer,150.234.221.96
772,Tremaine,Swiffan,tswiffanlf@clickbank.net,Male,27.29.74.89
773,Devin,Lehrer,dlehrerlg@weebly.com,Female,173.67.254.14
774,Donavon,Kauble,dkaublelh@i2i.jp,Male,93.90.241.4
775,Kristel,Lacelett,klacelettli@timesonline.co.uk,Female,90.194.103.58
776,Dalston,MacDunleavy,dmacdunleavylj@facebook.com,Male,207.96.11.23
777,Batholomew,Gannaway,bgannawaylk@newsvine.com,Male,117.223.224.111
778,Sharlene,Larvor,slarvorll@purevolume.com,Female,254.243.101.52
779,Moise,Laurenty,mlaurentylm@gizmodo.com,Agender,85.216.154.188
780,Dallas,Sellek,dsellekln@boston.com,Male,2.123.79.230
781,Nickey,Euston,neustonlo@shinystat.com,Male,127.127.4.98
782,Ilse,Baggott,ibaggottlp@salon.com,Female,236.94.200.24
783,Wilhelmina,Werner,wwernerlq@addthis.com,Female,47.187.140.69
784,Adaline,Easen,aeasenlr@hubpages.com,Female,232.241.33.163
785,Dalt,Probey,dprobeyls@4shared.com,Male,20.75.144.100
786,Cordy,Willshee,cwillsheelt@discuz.net,Male,71.249.233.94
787,Osmund,Veracruysse,overacruysselu@tmall.com,Genderqueer,175.255.12.60
788,Clayborn,Bader,cbaderlv@lycos.com,Male,126.104.109.145
789,Hetty,Kilroy,hkilroylw@oakley.com,Non-binary,117.177.196.84
790,Franni,Barnbrook,fbarnbrooklx@loc.gov,Female,136.240.111.21
791,Rob,Danilov,rdanilovly@freewebs.com,Genderfluid,214.27.15.7
792,Ruddie,Strathdee,rstrathdeelz@soundcloud.com,Male,232.125.92.19
793,Ramsay,Radclyffe,rradclyffem0@theatlantic.com,Male,222.166.231.194
794,Nolly,Cousen,ncousenm1@drupal.org,Male,7.227.151.145
795,Danyelle,Ironmonger,dironmongerm2@wired.com,Female,230.174.87.50
796,Malynda,Cruickshanks,mcruickshanksm3@oakley.com,Female,20.67.253.75
797,Jimmie,Lester,jlesterm4@patch.com,Male,33.235.180.67
798,Sunny,Mellonby,smellonbym5@google.de,Male,78.123.118.188
799,Carolynn,Elston,celstonm6@drupal.org,Female,223.8.21.145
800,Sterne,Incogna,sincognam7@1688.com,Male,152.208.122.216
801,Tobiah,Keegan,tkeeganm8@smugmug.com,Agender,126.200.234.196
802,Ly,Mila,lmilam9@jalbum.net,Male,135.174.204.137
803,Rosene,Conkling,rconklingma@eepurl.com,Female,163.160.148.84
804,Dulcy,Guerin,dguerinmb@twitpic.com,Female,224.44.181.239
805,Way,Belfield,wbelfieldmc@ucla.edu,Polygender,31.224.218.223
806,Poul,Howship,phowshipmd@oaic.gov.au,Male,195.4.216.209
807,Quincy,Wyrill,qwyrillme@theguardian.com,Male,22.173.16.123
808,Sianna,Aulsford,saulsfordmf@twitpic.com,Female,163.67.110.41
809,Ransell,McKeowon,rmckeowonmg@hatena.ne.jp,Polygender,176.7.96.127
810,Dory,Burberry,dburberrymh@cnn.com,Male,133.184.72.225
811,Ravid,Pollen,rpollenmi@nyu.edu,Male,5.47.38.67
812,Meade,Dowrey,mdowreymj@tamu.edu,Male,7.72.50.116
813,Rudyard,Shelp,rshelpmk@canalblog.com,Male,202.110.45.151
814,Arda,Williamson,awilliamsonml@mac.com,Genderfluid,149.197.130.81
815,Gregoire,Innman,ginnmanmm@bing.com,Male,108.81.176.45
816,Donia,Casswell,dcasswellmn@earthlink.net,Female,134.21.179.135
817,Rosalynd,Piggott,rpiggottmo@phpbb.com,Female,8.212.213.120
818,Elnore,Mantle,emantlemp@zimbio.com,Female,59.127.65.12
819,Truda,Lett,tlettmq@nih.gov,Genderfluid,235.151.77.144
820,Waylin,Braddick,wbraddickmr@mtv.com,Male,38.19.1.220
821,Teddy,Georgievski,tgeorgievskims@google.ca,Male,152.56.86.130
822,Nicolis,Vaugham,nvaughammt@icq.com,Male,144.204.187.251
823,Doy,Norwell,dnorwellmu@hp.com,Male,95.58.202.45
824,Ali,Balmforth,abalmforthmv@gmpg.org,Female,192.13.239.166
825,Salomo,Scapelhorn,sscapelhornmw@mail.ru,Male,205.236.86.19
826,Bendick,Lawrinson,blawrinsonmx@lycos.com,Male,208.120.222.189
827,Dulciana,Tooker,dtookermy@1688.com,Female,134.151.99.146
828,Monte,Ashington,mashingtonmz@reverbnation.com,Male,203.50.97.10
829,Timotheus,Arsey,tarseyn0@jiathis.com,Male,201.76.200.64
830,Dugald,Baroch,dbarochn1@posterous.com,Agender,158.70.185.210
831,Kym,Kelshaw,kkelshawn2@yale.edu,Female,128.18.225.208
832,Grazia,Egell,gegelln3@usgs.gov,Female,113.28.225.135
833,Vincents,Loughead,vlougheadn4@weather.com,Male,1.63.53.29
834,Valeda,Cisland,vcislandn5@seesaa.net,Female,45.193.75.217
835,Sanson,Littlejohn,slittlejohnn6@unc.edu,Male,228.195.217.55
836,Reilly,Paschek,rpaschekn7@vistaprint.com,Male,58.54.33.234
837,Gabie,MacGinley,gmacginleyn8@tinyurl.com,Female,61.160.202.66
838,Lay,Eisig,leisign9@mapquest.com,Male,49.173.71.34
839,Tyson,Diboll,tdibollna@mozilla.com,Male,245.79.49.47
840,Hedy,Cream,hcreamnb@adobe.com,Female,37.209.211.36
841,Fawne,Selborne,fselbornenc@prlog.org,Female,51.208.50.190
842,Thelma,Aspey,taspeynd@cdbaby.com,Female,184.1.186.36
843,Doralynne,Salsbury,dsalsburyne@i2i.jp,Female,255.166.162.237
844,Quentin,MacKay,qmackaynf@twitpic.com,Polygender,34.198.157.40
845,Thomasina,Tiery,ttieryng@epa.gov,Female,181.222.130.64
846,Nevin,Pottiphar,npottipharnh@cam.ac.uk,Male,153.29.232.191
847,Bartolemo,Cartwright,bcartwrightni@indiegogo.com,Male,201.111.71.101
848,Roseanne,Janak,rjanaknj@ed.gov,Female,225.37.166.120
849,Claudianus,Wellwood,cwellwoodnk@dyndns.org,Male,246.130.97.184
850,Kikelia,Lidgey,klidgeynl@wired.com,Female,183.223.240.134
851,Steward,Gornal,sgornalnm@mail.ru,Male,244.215.178.3
852,Silvio,Overel,soverelnn@yelp.com,Male,249.69.146.144
853,Gawen,Gauntlett,ggauntlettno@sitemeter.com,Male,155.110.73.134
854,Saloma,Brack,sbracknp@nydailynews.com,Female,127.22.233.153
855,Cozmo,Dell'Abbate,cdellabbatenq@washington.edu,Male,45.22.69.171
856,Sidnee,Piatto,spiattonr@dmoz.org,Male,51.36.120.248
857,Roseanna,Wedmore.,rwedmorens@ca.gov,Female,49.18.223.86
858,Linette,Chittey,lchitteynt@macromedia.com,Female,133.32.121.192
859,Luke,Comfort,lcomfortnu@senate.gov,Male,44.116.51.237
860,Ynez,Ambrozewicz,yambrozewicznv@jugem.jp,Female,151.15.227.113
861,Hamilton,Tomkies,htomkiesnw@ifeng.com,Male,66.156.80.147
862,Ephrem,Bringloe,ebringloenx@chron.com,Male,71.26.4.105
863,Vernon,Barrable,vbarrableny@digg.com,Male,120.93.220.175
864,Barrie,Penwright,bpenwrightnz@google.de,Male,250.136.166.244
865,Rowan,Tregian,rtregiano0@thetimes.co.uk,Male,146.50.116.206
866,Ramsey,Longhorne,rlonghorneo1@ehow.com,Male,189.165.87.132
867,Dorisa,De Blase,ddeblaseo2@foxnews.com,Female,201.6.48.55
868,Mick,Choake,mchoakeo3@vistaprint.com,Male,45.62.138.161
869,Phil,Coolbear,pcoolbearo4@jugem.jp,Male,119.69.21.105
870,Filippo,Oboy,foboyo5@t-online.de,Male,40.0.167.45
871,Aretha,Windress,awindresso6@google.it,Female,90.132.250.49
872,Cesare,Swigg,cswiggo7@china.com.cn,Male,248.75.147.231
873,Laurence,Alten,lalteno8@miitbeian.gov.cn,Male,86.52.23.42
874,Nell,Kolinsky,nkolinskyo9@slideshare.net,Female,104.188.65.213
875,Gleda,Noquet,gnoquetoa@nsw.gov.au,Female,129.32.175.6
876,Boonie,Mattson,bmattsonob@seattletimes.com,Male,163.129.50.101
877,Clarette,Streetfield,cstreetfieldoc@amazon.de,Female,209.122.86.235
878,Terrill,Simpole,tsimpoleod@slideshare.net,Genderqueer,153.117.224.241
879,Janos,Winch,jwinchoe@jimdo.com,Male,171.94.95.130
880,Farrel,Andrich,fandrichof@smugmug.com,Male,36.6.241.199
881,Ricki,Yerrall,ryerrallog@blogs.com,Female,104.225.183.102
882,Hadley,Zanre,hzanreoh@is.gd,Male,244.187.245.157
883,Brucie,Schistl,bschistloi@cafepress.com,Male,146.91.19.227
884,Ruddie,Luney,rluneyoj@skyrock.com,Male,213.43.246.148
885,Burlie,Bassford,bbassfordok@pagesperso-orange.fr,Male,150.51.130.209
886,Georgie,Mattschas,gmattschasol@a8.net,Male,155.75.51.163
887,Gayler,Grzegorczyk,ggrzegorczykom@gnu.org,Male,211.123.152.172
888,Farrel,Elson,felsonon@tinyurl.com,Male,102.207.224.254
889,Lauree,Langelaan,llangelaanoo@washington.edu,Female,52.21.175.159
890,Errol,Pavelin,epavelinop@fc2.com,Male,213.131.49.227
891,Rene,Cawkill,rcawkilloq@google.co.jp,Male,55.70.178.87
892,Basil,Baldetti,bbaldettior@nsw.gov.au,Male,93.210.84.147
893,Farlay,Beggini,fbegginios@wired.com,Male,240.23.31.11
894,Rollo,Arkcoll,rarkcollot@gov.uk,Male,114.4.182.171
895,Norry,Ellice,nelliceou@imdb.com,Female,159.55.26.202
896,Carole,Cuseick,ccuseickov@clickbank.net,Female,118.73.65.177
897,Marys,Peiser,mpeiserow@home.pl,Female,106.54.52.169
898,Thelma,Burvill,tburvillox@about.com,Female,251.69.236.112
899,Monah,Bownas,mbownasoy@google.ru,Female,214.162.242.144
900,Alick,Milmoe,amilmoeoz@godaddy.com,Genderfluid,70.15.60.34
901,Davine,Ruffli,drufflip0@java.com,Female,187.29.182.38
902,Lorrayne,Debrick,ldebrickp1@people.com.cn,Female,223.52.227.97
903,Tyrus,Pharro,tpharrop2@nhs.uk,Male,99.91.88.53
904,Rowe,Kelsey,rkelseyp3@tmall.com,Female,82.89.251.12
905,Etty,Bearcock,ebearcockp4@skyrock.com,Female,175.246.80.46
906,Raymund,Scryne,rscrynep5@spiegel.de,Male,55.42.15.31
907,Shelagh,Kerridge,skerridgep6@unesco.org,Genderfluid,133.49.125.103
908,Adler,Jakubovski,ajakubovskip7@free.fr,Male,28.31.53.163
909,Chrissy,Kalkofer,ckalkoferp8@wisc.edu,Male,244.219.11.109
910,Rozalin,Jonson,rjonsonp9@dailymotion.com,Female,230.8.113.110
911,Latashia,Darragh,ldarraghpa@intel.com,Polygender,95.107.90.65
912,Kandy,Thoumas,kthoumaspb@cargocollective.com,Female,225.21.171.138
913,Chery,Dripps,cdrippspc@huffingtonpost.com,Female,247.195.147.96
914,Ruttger,Tabram,rtabrampd@storify.com,Male,93.17.54.7
915,Dillie,Seefeldt,dseefeldtpe@army.mil,Male,193.192.132.207
916,Hamil,Wingfield,hwingfieldpf@fc2.com,Male,15.147.226.70
917,Wendi,Ivasechko,wivasechkopg@nytimes.com,Polygender,252.133.67.38
918,Jeannie,Dimitrijevic,jdimitrijevicph@wikia.com,Female,30.32.64.205
919,Brenna,Halsworth,bhalsworthpi@blogger.com,Female,252.38.66.55
920,Lura,Lambertini,llambertinipj@naver.com,Female,105.250.75.82
921,Dee dee,Blowfelde,dblowfeldepk@nhs.uk,Female,201.241.46.127
922,Rosabelle,Kirtlan,rkirtlanpl@princeton.edu,Female,114.113.216.18
923,Evy,Rawet,erawetpm@irs.gov,Female,128.60.28.250
924,Lolly,Dalley,ldalleypn@ca.gov,Female,47.204.50.55
925,Fallon,Forsaith,fforsaithpo@lycos.com,Female,108.10.71.7
926,Thadeus,Dinneen,tdinneenpp@ehow.com,Genderfluid,59.223.39.4
927,Reade,Persicke,rpersickepq@netlog.com,Male,226.203.62.143
928,Winifred,Covert,wcovertpr@hp.com,Female,48.22.3.180
929,Rolland,Pabelik,rpabelikps@i2i.jp,Male,177.255.148.26
930,Justus,Cocozza,jcocozzapt@biglobe.ne.jp,Male,42.175.56.176
931,Thorndike,Rollitt,trollittpu@360.cn,Male,210.194.163.133
932,Griselda,Deakan,gdeakanpv@senate.gov,Female,243.252.172.173
933,Emeline,Fantone,efantonepw@google.pl,Female,118.247.73.27
934,Ofella,Levane,olevanepx@jimdo.com,Female,131.98.83.121
935,Josie,Barendtsen,jbarendtsenpy@cocolog-nifty.com,Female,161.162.104.213
936,Waverly,Buchan,wbuchanpz@kickstarter.com,Male,86.59.136.166
937,Jerri,Balcon,jbalconq0@fda.gov,Male,84.180.150.69
938,Brook,Brant,bbrantq1@twitter.com,Female,187.6.252.182
939,Bartholemy,O'Spellissey,bospellisseyq2@baidu.com,Genderfluid,69.239.81.227
940,Elsa,Bartosinski,ebartosinskiq3@telegraph.co.uk,Female,119.1.157.30
941,Jacqui,de Clerc,jdeclercq4@latimes.com,Female,128.243.89.33
942,Alexandre,Jacobsson,ajacobssonq5@goo.gl,Male,213.221.55.72
943,Bogey,Heigho,bheighoq6@pen.io,Non-binary,164.109.98.147
944,Hedi,MacCartair,hmaccartairq7@bigcartel.com,Female,127.187.82.42
945,Yancey,Glanfield,yglanfieldq8@mozilla.com,Male,21.45.136.210
946,Wynn,MacAnulty,wmacanultyq9@xrea.com,Female,95.69.30.183
947,Audry,Grane,agraneqa@mlb.com,Female,17.214.32.178
948,Breena,Olivello,bolivelloqb@bluehost.com,Female,25.38.47.2
949,Newton,Stallworthy,nstallworthyqc@vk.com,Male,89.85.111.205
950,Meggie,Love,mloveqd@yandex.ru,Female,90.183.107.125
951,Batholomew,Moberley,bmoberleyqe@netlog.com,Male,106.61.26.69
952,Freddi,Blasgen,fblasgenqf@goodreads.com,Bigender,124.72.88.28
953,Chloette,Ruppeli,cruppeliqg@deliciousdays.com,Female,173.114.11.18
954,Jone,Selliman,jsellimanqh@elegantthemes.com,Male,226.192.51.240
955,Salomi,Stroulger,sstroulgerqi@sphinn.com,Female,218.52.202.163
956,Noella,Nicholson,nnicholsonqj@cocolog-nifty.com,Female,12.125.242.131
957,Dorotea,Reubel,dreubelqk@alexa.com,Female,213.108.100.229
958,Horacio,Walenta,hwalentaql@blinklist.com,Male,64.93.62.144
959,Katherine,Emeline,kemelineqm@quantcast.com,Female,66.145.220.1
960,Margot,Huton,mhutonqn@examiner.com,Agender,152.25.241.216
961,Uriah,Linning,ulinningqo@studiopress.com,Male,68.140.148.250
962,Amble,Prangle,aprangleqp@furl.net,Male,10.23.131.93
963,Marven,Bonsul,mbonsulqq@weather.com,Male,202.75.209.153
964,Jayson,Kirsch,jkirschqr@nsw.gov.au,Male,231.174.20.212
965,Timmy,Jiggens,tjiggensqs@smh.com.au,Female,186.173.144.12
966,Charlotte,Lazar,clazarqt@msu.edu,Female,148.213.126.95
967,Cassey,Yelden,cyeldenqu@google.co.uk,Female,146.176.100.27
968,Wallis,Pudge,wpudgeqv@dagondesign.com,Bigender,92.179.115.22
969,Kinsley,Cozzi,kcozziqw@mit.edu,Male,253.149.104.104
970,Kaila,Figura,kfiguraqx@intel.com,Female,15.115.235.179
971,Tonnie,Firle,tfirleqy@google.fr,Male,201.144.170.70
972,Daffie,Tumility,dtumilityqz@pagesperso-orange.fr,Female,1.243.37.232
973,Debby,Grocutt,dgrocuttr0@wufoo.com,Female,75.2.38.227
974,Wilma,Milburn,wmilburnr1@g.co,Female,33.241.32.154
975,Faulkner,Hodjetts,fhodjettsr2@163.com,Male,90.83.59.28
976,Alisa,Kenner,akennerr3@reference.com,Female,77.146.28.57
977,Francesco,Swetland,fswetlandr4@yale.edu,Male,72.40.62.26
978,Lucky,Spincks,lspincksr5@ezinearticles.com,Female,180.90.197.135
979,Alverta,Muldrew,amuldrewr6@who.int,Female,59.233.98.111
980,Maurits,Burkitt,mburkittr7@mapy.cz,Male,161.227.78.131
981,Hanan,Curless,hcurlessr8@nytimes.com,Male,40.10.51.16
982,Bobby,Loadman,bloadmanr9@buzzfeed.com,Female,241.19.131.175
983,Anett,Farryn,afarrynra@geocities.jp,Female,180.195.218.64
984,Jillane,Tichelaar,jtichelaarrb@i2i.jp,Female,185.43.93.99
985,Kirsten,Buttner,kbuttnerrc@moonfruit.com,Female,85.56.41.39
986,Cly,Hub,chubrd@wsj.com,Male,59.82.109.174
987,Calv,Jeffreys,cjeffreysre@cloudflare.com,Male,77.158.141.2
988,Emlyn,Flipek,eflipekrf@flavors.me,Male,85.217.165.253
989,Nana,Heritege,nheritegerg@parallels.com,Female,61.69.11.168
990,Colette,Hruska,chruskarh@drupal.org,Female,166.193.6.169
991,Leslie,Malins,lmalinsri@tuttocitta.it,Non-binary,154.83.38.115
992,Lynnelle,Mohammad,lmohammadrj@miitbeian.gov.cn,Female,80.48.184.95
993,Jess,Spary,jsparyrk@trellian.com,Female,66.238.121.211
994,Rochester,Nineham,rninehamrl@ebay.co.uk,Male,2.236.131.172
995,Ban,Izakov,bizakovrm@goodreads.com,Male,154.245.191.81
996,Fielding,Buttle,fbuttlern@smugmug.com,Male,237.65.100.224
997,Garrott,Mewha,gmewharo@vkontakte.ru,Male,210.27.104.228
998,Patience,East,peastrp@blogs.com,Female,124.227.43.198
999,Godfry,Bernardin,gbernardinrq@meetup.com,Male,23.147.18.118
1000,Vivianna,Lubbock,vlubbockrr@msn.com,Female,23.50.118.123
